Category,Total Value,Average Value
dairy,29,9.666666666666666
fruits,102,14.571428571428571
grains,12,6.0
vegetables,61,20.333333333333332
